,track,artist,albums,date,time
0,Pencil Skirt,Pulp,Different Class,01 Oct 2018,15:38
1,Mis-Shapes,Pulp,Different Class,01 Oct 2018,15:34
2,Bar Italia,Pulp,Different Class,01 Oct 2018,15:26
3,Monday Morning,Pulp,Different Class,01 Oct 2018,15:21
4,Underwear,Pulp,Different Class,01 Oct 2018,15:17
5,F.E.E.L.I.N.G.C.A.L.L.E.D.L.O.V.E.,Pulp,Different Class,01 Oct 2018,15:11
6,Sorted for E's & Wizz,Pulp,Different Class,01 Oct 2018,15:07
7,Something Changed,Pulp,Different Class,01 Oct 2018,15:04
8,Live Bed Show,Pulp,Different Class,01 Oct 2018,15:00
9,Disco 2000,Pulp,Different Class,01 Oct 2018,14:56
10,I Spy,Pulp,Different Class,01 Oct 2018,14:50
11,Common People,Pulp,Different Class,01 Oct 2018,14:44
12,Pencil Skirt,Pulp,Different Class,01 Oct 2018,14:40
13,Mis-Shapes,Pulp,Different Class,01 Oct 2018,14:36
14,Lorelai,Fleet Foxes,Helplessness Blues,01 Oct 2018,13:16
15,Blue Spotted Tail,Fleet Foxes,Helplessness Blues,01 Oct 2018,13:12
16,Ragged Wood,Fleet Foxes,Fleet Foxes,01 Oct 2018,13:07
17,New Born,Muse,Origin of Symmetry,01 Oct 2018,12:36
18,Pressure,Muse,Pressure / The Dark Side / Something Human / Thought Contagion / Dig Down,01 Oct 2018,12:32
19,Dump,Kero Kero Bonito,Time 'n' Place,01 Oct 2018,12:25
20,Flyway,Kero Kero Bonito,Time 'n' Place,01 Oct 2018,12:23
21,Only Acting,Kero Kero Bonito,Time 'n' Place,01 Oct 2018,12:19
22,Time Today,Kero Kero Bonito,Time 'n' Place,01 Oct 2018,12:17
23,Outside,Kero Kero Bonito,Time 'n' Place,01 Oct 2018,12:15
24,Street Spirit (Fade Out),Radiohead,The Bends,01 Oct 2018,12:11
25,And All That Could Have Been,Nine Inch Nails,Still,01 Oct 2018,12:05
26,Smells Like Teen Spirit,Nirvana,Nevermind (Deluxe Edition),01 Oct 2018,10:58
27,Debaser,Pixies,Doolittle,01 Oct 2018,10:55
28,Everlong,Foo Fighters,The Colour And The Shape (Expanded Edition),01 Oct 2018,10:51
29,Disco 2000,Pulp,Different Class,01 Oct 2018,10:47
30,Paranoid Android,Radiohead,OK Computer,01 Oct 2018,10:40
31,Loser,Beck,Mellow Gold,01 Oct 2018,10:36
32,Hurt,Nine Inch Nails,The Downward Spiral,01 Oct 2018,10:30
33,Feel the Pain,Dinosaur Jr.,Without a Sound,01 Oct 2018,10:25
34,Girls and Boys - 2012 Remastered Version,Blur,Parklife [Special Edition],01 Oct 2018,10:21
35,Interstate Love Song,Stone Temple Pilots,Purple,01 Oct 2018,10:17
36,Heart-Shaped Box,Nirvana,In Utero - 20th Anniversary - Deluxe Edition,01 Oct 2018,10:13
37,Cut Your Hair,Pavement,"Crooked Rain, Crooked Rain",01 Oct 2018,10:10
38,Today - Remastered,The Smashing Pumpkins,Siamese Dream (2011 - Remaster),01 Oct 2018,10:06
39,Closer,Nine Inch Nails,The Downward Spiral,01 Oct 2018,10:00
40,Killing in the Name,Rage Against the Machine,Rage Against The Machine - XX (20th Anniversary Special Edition),01 Oct 2018,09:55
41,Sabotage,Beastie Boys,Ill Communication,01 Oct 2018,09:54
42,Buddy Holly,Weezer,Weezer (Deluxe Edition),01 Oct 2018,09:51
43,Fake Plastic Trees,Radiohead,The Bends,01 Oct 2018,09:40
44,Planet Telex,Radiohead,The Bends,01 Oct 2018,09:35
45,Gouge Away,Pixies,Doolittle,01 Oct 2018,09:33
46,Dead,Pixies,Doolittle,01 Oct 2018,09:30
47,Losing My Religion,R.E.M.,Out Of Time (25th Anniversary Edition),01 Oct 2018,09:26
48,Love Will Tear Us Apart,Joy Division,The Best Of,01 Oct 2018,09:23
49,Hey,Pixies,Doolittle,01 Oct 2018,09:19
50,Common People,Pulp,Different Class,30 Sep 2018,21:29
51,"Deep, Deep",Have a Nice Life,Deathconsciousness,30 Sep 2018,21:21
52,The Future,Have a Nice Life,Deathconsciousness,30 Sep 2018,21:17
53,"Holy Fucking Shit: 40,000",Have a Nice Life,Deathconsciousness,30 Sep 2018,21:11
54,Waiting for Black Metal Records to Come in the Mail,Have a Nice Life,Deathconsciousness,30 Sep 2018,20:42
55,There Is No Food,Have a Nice Life,Deathconsciousness,30 Sep 2018,20:38
56,Who Would Leave Their Son Out in the Sun?,Have a Nice Life,Deathconsciousness,30 Sep 2018,20:32
57,Telefony,Have a Nice Life,Deathconsciousness,30 Sep 2018,20:28
58,Gouge Away,Pixies,Doolittle,30 Sep 2018,13:02
59,Hey,Pixies,Doolittle,30 Sep 2018,12:58
60,Monkey Gone to Heaven,Pixies,Doolittle,30 Sep 2018,12:55
61,Dead,Pixies,Doolittle,30 Sep 2018,12:53
62,Telefony,Have a Nice Life,Deathconsciousness,30 Sep 2018,12:50
63,Bloodhail,Have a Nice Life,Deathconsciousness,30 Sep 2018,12:43
64,Carry the Zero,Built to Spill,Keep It Like a Secret,29 Sep 2018,18:59
65,Hey,Pixies,Doolittle,29 Sep 2018,18:38
66,Never Fight A Man With A Perm,Idles,Joy as an Act of Resistance.,29 Sep 2018,18:08
67,Mayonaise - Remastered,The Smashing Pumpkins,Siamese Dream (Deluxe Edition),29 Sep 2018,17:21
68,Say It Ain't So,Weezer,Weezer (Deluxe Edition),29 Sep 2018,17:17
69,Gold Soundz,Pavement,"Crooked Rain, Crooked Rain",29 Sep 2018,17:14
70,Range Life,Pavement,"Crooked Rain, Crooked Rain: LA's Desert Origins",29 Sep 2018,17:09
71,Range Life,Pavement,"Crooked Rain, Crooked Rain: LA's Desert Origins",29 Sep 2018,17:04
72,Danny Nedelko,Idles,Joy as an Act of Resistance.,29 Sep 2018,17:00
73,I'm Scum,Idles,Joy as an Act of Resistance.,29 Sep 2018,16:57
74,Never Fight A Man With A Perm,Idles,Joy as an Act of Resistance.,29 Sep 2018,16:53
75,Colossus,Idles,Joy as an Act of Resistance.,29 Sep 2018,16:42
76,Never Fight A Man With A Perm,Idles,Joy as an Act of Resistance.,29 Sep 2018,16:38
77,Temptation,New Order,Trainspotting (Original Motion Picture Soundtrack),29 Sep 2018,16:30
78,Ceremony - Version 1; 2016 Remastered Version,New Order,Singles (Remastered),29 Sep 2018,16:25
79,Age Of Consent - 2015 Remastered Version,New Order,"Power, Corruption & Lies",29 Sep 2018,16:20
80,Bizarre Love Triangle,New Order,Brotherhood [Collector's Edition],29 Sep 2018,16:15
81,Blue Monday - 2016 Remastered Version,New Order,Singles (Remastered),29 Sep 2018,16:07
82,Where Is My Mind?,Pixies,Surfer Rosa (Remastered),29 Sep 2018,16:04
83,Hey,Pixies,Doolittle,29 Sep 2018,16:00
84,Planet Telex,Radiohead,The Bends,29 Sep 2018,15:56
85,Common People,Pulp,Different Class,29 Sep 2018,15:50
86,Feel the Pain,Dinosaur Jr.,Without a Sound,29 Sep 2018,15:45
87,Carry the Zero,Built to Spill,Keep It Like a Secret,29 Sep 2018,15:40
88,Teen Age Riot (album version),Sonic Youth,Daydream Nation (Deluxe Edition),29 Sep 2018,15:33
89,Bloodhail,Have a Nice Life,Deathconsciousness,29 Sep 2018,15:23
90,A Quick One Before the Eternal Worm Devours Connecticut,Have a Nice Life,Deathconsciousness,29 Sep 2018,15:15
91,Gouge Away,Pixies,Doolittle,29 Sep 2018,15:12
92,Silver,Pixies,Doolittle,29 Sep 2018,15:10
93,Hey,Pixies,Doolittle,29 Sep 2018,15:06
94,There Goes My Gun,Pixies,Doolittle,29 Sep 2018,15:05
95,No. 13 Baby,Pixies,Doolittle,29 Sep 2018,15:01
96,La La Love You,Pixies,Doolittle,29 Sep 2018,14:58
97,Crackity Jones,Pixies,Doolittle,29 Sep 2018,14:57
98,Mr. Grieves,Pixies,Doolittle,29 Sep 2018,14:55
99,Monkey Gone to Heaven,Pixies,Doolittle,29 Sep 2018,14:52
100,Dead,Pixies,Doolittle,29 Sep 2018,14:49
101,Here Comes Your Man,Pixies,Doolittle,29 Sep 2018,14:46
102,I Bleed,Pixies,Doolittle,29 Sep 2018,14:42
103,Wave of Mutilation,Pixies,Doolittle,29 Sep 2018,14:40
104,Tame,Pixies,Doolittle,29 Sep 2018,14:38
105,Debaser,Pixies,Doolittle,29 Sep 2018,14:35
106,SAN MARCOS,BROCKHAMPTON,iridescence,29 Sep 2018,12:57
107,Isles,Fleet Foxes,Isles,29 Sep 2018,12:54
108,Bloodhail,Have a Nice Life,Deathconsciousness,29 Sep 2018,12:31
109,Hey,Pixies,Doolittle,29 Sep 2018,12:27
110,Hey,Pixies,Doolittle,28 Sep 2018,23:58
111,Common People,Pulp,Different Class,28 Sep 2018,23:54
112,Carry the Zero,Built to Spill,Keep It Like a Secret,28 Sep 2018,23:50
113,Mayonaise - Remastered,The Smashing Pumpkins,Siamese Dream (Deluxe Edition),28 Sep 2018,23:46
114,Hey,Pixies,Doolittle,28 Sep 2018,23:41
115,Who Would Leave Their Son Out in the Sun?,Have a Nice Life,Deathconsciousness,28 Sep 2018,18:05
116,Telefony,Have a Nice Life,Deathconsciousness,28 Sep 2018,18:00
117,Hunter,Have a Nice Life,Deathconsciousness,28 Sep 2018,17:50
118,The Big Gloom,Have a Nice Life,Deathconsciousness,28 Sep 2018,17:42
119,Bloodhail,Have a Nice Life,Deathconsciousness,28 Sep 2018,17:37
120,Zero-Sum,Charlie Lim,Zero-Sum,28 Sep 2018,17:33
121,No One Knows,Queens of the Stone Age,Songs for the Deaf,28 Sep 2018,16:37
122,"You Think I Ain't Worth A Dollar, But I Feel Like A Millionaire - Album Version (With Interlude)",Queens of the Stone Age,Songs for the Deaf,28 Sep 2018,16:33
123,Hunter,Have a Nice Life,Deathconsciousness,28 Sep 2018,16:13
124,The Big Gloom,Have a Nice Life,Deathconsciousness,28 Sep 2018,15:29
125,Bloodhail,Have a Nice Life,Deathconsciousness,28 Sep 2018,15:23
126,Zero-Sum,Charlie Lim,Zero-Sum,28 Sep 2018,15:17
127,The Future,Have a Nice Life,Deathconsciousness,28 Sep 2018,13:56
128,"Holy Fucking Shit: 40,000",Have a Nice Life,Deathconsciousness,28 Sep 2018,13:49
129,Waiting for Black Metal Records to Come in the Mail,Have a Nice Life,Deathconsciousness,28 Sep 2018,13:43
130,There Is No Food,Have a Nice Life,Deathconsciousness,28 Sep 2018,13:39
131,Who Would Leave Their Son Out in the Sun?,Have a Nice Life,Deathconsciousness,28 Sep 2018,13:34
132,Telefony,Have a Nice Life,Deathconsciousness,28 Sep 2018,13:29
133,Where Is My Mind?,Pixies,Surfer Rosa (Remastered),28 Sep 2018,13:01
134,Hey,Pixies,Doolittle,28 Sep 2018,12:49
135,Who Would Leave Their Son Out in the Sun?,Have a Nice Life,Deathconsciousness,28 Sep 2018,12:41
136,Telefony,Have a Nice Life,Deathconsciousness,28 Sep 2018,12:39
137,Hunter,Have a Nice Life,Deathconsciousness,28 Sep 2018,12:27
138,The Big Gloom,Have a Nice Life,Deathconsciousness,28 Sep 2018,12:19
139,Bloodhail,Have a Nice Life,Deathconsciousness,28 Sep 2018,12:13
140,A Quick One Before the Eternal Worm Devours Connecticut,Have a Nice Life,Deathconsciousness,28 Sep 2018,12:05
141,Bloodhail,Have a Nice Life,Deathconsciousness,28 Sep 2018,12:00
142,Once In A Lifetime - 2005 Remastered Version,Talking Heads,Remain In Light (Deluxe Version),28 Sep 2018,11:55
143,Ladies and Gentlemen We Are Floating in Space,Spiritualized,Ladies and Gentlemen We Are Floating in Space,28 Sep 2018,11:52
144,Breadcrumb Trail,Slint,Spiderland,28 Sep 2018,11:45
145,White Winter Hymnal,Fleet Foxes,Fleet Foxes,28 Sep 2018,11:42
146,One More Hour,Sleater-Kinney,Dig Me Out (Remastered),28 Sep 2018,11:39
147,Helpless Child,Swans,Soundtracks For The Blind,28 Sep 2018,11:23
148,The Boy With the Perpetual Nervousness,The Feelies,Crazy Rhythms,28 Sep 2018,11:18
149,Dark Entries,Bauhaus,In the Flat Field,28 Sep 2018,11:14
150,A-Punk,Vampire Weekend,Vampire Weekend,28 Sep 2018,11:12
151,Helicopter,Bloc Party,Silent Alarm (U.S. Version),28 Sep 2018,11:08
152,Teardrop,Massive Attack,Mezzanine,28 Sep 2018,11:02
153,Farewell Transmission,Songs: Ohia,Magnolia Electric Co. (10th Anniversary Deluxe Edition),28 Sep 2018,10:55
154,Medicine Bottle,Red House Painters,Down Colorful Hill,28 Sep 2018,10:45
155,Holiday in Cambodia,Dead Kennedys,Give Me Convenience or Give Me Death,28 Sep 2018,10:42
156,Holiday in Cambodia,Dead Kennedys,Give Me Convenience or Give Me Death,28 Sep 2018,10:38
157,Pictures of You,The Cure,Disintegration (Remastered),28 Sep 2018,10:30
158,My Girls,Animal Collective,Merriweather Post Pavilion,28 Sep 2018,10:25
159,Never Meant,American Football,American Football,28 Sep 2018,10:20
160,brave as a noun,ajj,People Who Can Eat People are the Luckiest People in the World,28 Sep 2018,10:19
161,Age Of Consent - 2015 Remastered Version,New Order,"Power, Corruption & Lies",28 Sep 2018,10:10
162,RENTAL,BROCKHAMPTON,Saturation III,28 Sep 2018,10:04
163,GUMMY,BROCKHAMPTON,Saturation II,28 Sep 2018,10:00
164,FACE,BROCKHAMPTON,SATURATION,28 Sep 2018,09:56
165,1999 WILDFIRE,BROCKHAMPTON,1999 Wildfire,28 Sep 2018,09:51
166,JUNKY,BROCKHAMPTON,Saturation II,28 Sep 2018,09:47
167,BLEACH,BROCKHAMPTON,Saturation III,28 Sep 2018,09:43
168,The Lord's Favorite,Iceage,Plowing Into the Field of Love,28 Sep 2018,09:39
169,Colossus,Idles,Joy as an Act of Resistance.,28 Sep 2018,09:33
170,I'm Scum,Idles,Joy as an Act of Resistance.,28 Sep 2018,09:30
171,Danny Nedelko,Idles,Joy as an Act of Resistance.,28 Sep 2018,09:27
172,Never Fight A Man With A Perm,Idles,Joy as an Act of Resistance.,28 Sep 2018,09:23
173,Too Real,Fidlar,Too Real,28 Sep 2018,09:19
174,Mariners Apartment Complex,Lana Del Rey,Mariners Apartment Complex,28 Sep 2018,09:03
175,Isles,Fleet Foxes,Isles,28 Sep 2018,09:00
176,Isles,Fleet Foxes,Isles,28 Sep 2018,08:56
177,Helicopter,Deerhunter,Halcyon Digest,28 Sep 2018,08:50
178,Desire Lines,Deerhunter,Halcyon Digest,28 Sep 2018,08:44
179,Hey,Pixies,Doolittle,27 Sep 2018,23:28
180,Desire Lines,Deerhunter,Halcyon Digest,27 Sep 2018,22:50
181,Isles,Fleet Foxes,Isles,27 Sep 2018,22:44
182,Passenger Seat,Death Cab for Cutie,Transatlanticism,27 Sep 2018,19:32
183,Transatlanticism,Death Cab for Cutie,Transatlanticism,27 Sep 2018,19:24
184,Tiny Vessels,Death Cab for Cutie,Transatlanticism,27 Sep 2018,19:19
185,Tiny Vessels,Death Cab for Cutie,Transatlanticism,27 Sep 2018,19:15
186,The Sound of Settling,Death Cab for Cutie,Transatlanticism,27 Sep 2018,19:13
187,Expo '86,Death Cab for Cutie,Transatlanticism,27 Sep 2018,19:09
188,Title and Registration,Death Cab for Cutie,Transatlanticism,27 Sep 2018,19:05
189,Aphasia,Pinegrove,Cardinal,27 Sep 2018,17:47
190,Then Again,Pinegrove,Cardinal,27 Sep 2018,17:44
191,Cadmium,Pinegrove,Cardinal,27 Sep 2018,17:40
192,Old Friends,Pinegrove,Cardinal,27 Sep 2018,17:37
193,New Friends,Pinegrove,Cardinal,27 Sep 2018,17:33
194,Size of the Moon,Pinegrove,Cardinal,27 Sep 2018,17:28
195,Waveform,Pinegrove,Cardinal,27 Sep 2018,17:24
196,Visiting,Pinegrove,Cardinal,27 Sep 2018,17:20
197,Aphasia,Pinegrove,Cardinal,27 Sep 2018,17:16
198,Then Again,Pinegrove,Cardinal,27 Sep 2018,17:13
199,Cadmium,Pinegrove,Cardinal,27 Sep 2018,17:09
200,Old Friends,Pinegrove,Cardinal,27 Sep 2018,17:06
201,Plans,Bloc Party,Silent Alarm,27 Sep 2018,16:57
202,Compliments,Bloc Party,Silent Alarm,27 Sep 2018,16:57
203,Luno,Bloc Party,Silent Alarm,27 Sep 2018,16:53
204,So Here We Are,Bloc Party,Silent Alarm,27 Sep 2018,16:49
205,Price of Gasoline,Bloc Party,Silent Alarm,27 Sep 2018,16:45
206,Pioneers,Bloc Party,Silent Alarm,27 Sep 2018,16:41
207,This Modern Love,Bloc Party,Silent Alarm,27 Sep 2018,16:37
208,She's Hearing Voices,Bloc Party,Silent Alarm,27 Sep 2018,16:33
209,Blue Light,Bloc Party,Silent Alarm,27 Sep 2018,16:02
210,Banquet,Bloc Party,Silent Alarm,27 Sep 2018,15:59
211,Positive Tension,Bloc Party,Silent Alarm,27 Sep 2018,15:55
212,Helicopter,Bloc Party,Silent Alarm,27 Sep 2018,15:52
213,Like Eating Glass,Bloc Party,Silent Alarm,27 Sep 2018,15:48
214,Smells Like Teen Spirit,Nirvana,Nevermind (Deluxe Edition),27 Sep 2018,15:09
215,Street Spirit (Fade Out),Radiohead,The Bends,27 Sep 2018,15:05
216,Everlong,Foo Fighters,The Colour And The Shape (Expanded Edition),27 Sep 2018,15:01
217,Hey (Remastered) - Live,Pixies,"Live: Malibu Nightclub, Lido Beach, NY, 31 July '89 (Remastered)",27 Sep 2018,14:56
218,Hey - Live,Pixies,Live In London,27 Sep 2018,14:53
219,Where Is My Mind?,Pixies,Surfer Rosa (Remastered),27 Sep 2018,14:48
220,Here Comes Your Man,Pixies,Doolittle,27 Sep 2018,13:11
221,Debaser,Pixies,Doolittle,27 Sep 2018,13:08
222,Hey,Pixies,Doolittle,27 Sep 2018,13:05
223,Nothing Ever Happened,Deerhunter,Microcastle,27 Sep 2018,12:58
224,Agoraphobia,Deerhunter,Microcastle,27 Sep 2018,12:55
225,Desire Lines,Deerhunter,Halcyon Digest,27 Sep 2018,12:48
226,Fountain Stairs,Deerhunter,Halcyon Digest,27 Sep 2018,12:42
227,Helicopter,Deerhunter,Halcyon Digest,27 Sep 2018,12:37
228,Basement Scene,Deerhunter,Halcyon Digest,27 Sep 2018,12:15
229,Desire Lines,Deerhunter,Halcyon Digest,27 Sep 2018,12:08
230,Desire Lines,Deerhunter,Halcyon Digest,27 Sep 2018,11:02
231,Memory Boy,Deerhunter,Halcyon Digest,27 Sep 2018,11:00
232,Sailing,Deerhunter,Halcyon Digest,27 Sep 2018,10:55
233,Revival,Deerhunter,Halcyon Digest,27 Sep 2018,10:52
234,Don’t Cry,Deerhunter,Halcyon Digest,27 Sep 2018,10:48
235,Earthquake,Deerhunter,Halcyon Digest,27 Sep 2018,10:43
236,The Fear,Pulp,This Is Hardcore,27 Sep 2018,10:43
237,Bar Italia,Pulp,Different Class,27 Sep 2018,10:16
238,Monday Morning,Pulp,Different Class,27 Sep 2018,10:11
239,Underwear,Pulp,Different Class,27 Sep 2018,10:07
240,F.E.E.L.I.N.G.C.A.L.L.E.D.L.O.V.E.,Pulp,Different Class,27 Sep 2018,10:01
241,Sorted for E's & Wizz,Pulp,Different Class,27 Sep 2018,09:57
242,Something Changed,Pulp,Different Class,27 Sep 2018,09:54
243,Live Bed Show,Pulp,Different Class,27 Sep 2018,09:51
244,Disco 2000,Pulp,Different Class,27 Sep 2018,09:46
245,I Spy,Pulp,Different Class,27 Sep 2018,09:40
246,Common People,Pulp,Different Class,27 Sep 2018,09:33
247,Pencil Skirt,Pulp,Different Class,27 Sep 2018,09:30
248,Mis-Shapes,Pulp,Different Class,27 Sep 2018,09:26
249,Common People,Pulp,Different Class,27 Sep 2018,09:20
250,Heart-Shaped Box,Nirvana,In Utero - 20th Anniversary - Deluxe Edition,27 Sep 2018,09:15
251,Interstate Love Song,Stone Temple Pilots,Purple,27 Sep 2018,09:01
252,Carry the Zero,Built to Spill,Keep It Like a Secret,27 Sep 2018,08:55
253,Hurt,Nine Inch Nails,The Downward Spiral,27 Sep 2018,08:50
254,Girls and Boys - 2012 Remastered Version,Blur,Parklife [Special Edition],27 Sep 2018,08:45
255,Today - Remastered,The Smashing Pumpkins,Siamese Dream (2011 - Remaster),27 Sep 2018,08:42
256,Hey,Pixies,Doolittle,27 Sep 2018,08:38
257,Coronado,Deerhunter,Halcyon Digest,26 Sep 2018,17:35
258,Fountain Stairs,Deerhunter,Halcyon Digest,26 Sep 2018,17:32
259,Helicopter,Deerhunter,Halcyon Digest,26 Sep 2018,17:27
260,Basement Scene,Deerhunter,Halcyon Digest,26 Sep 2018,17:24
261,Desire Lines,Deerhunter,Halcyon Digest,26 Sep 2018,17:17
262,Memory Boy,Deerhunter,Halcyon Digest,26 Sep 2018,17:15
263,Sailing,Deerhunter,Halcyon Digest,26 Sep 2018,17:10
264,Revival,Deerhunter,Halcyon Digest,26 Sep 2018,17:08
265,Don’t Cry,Deerhunter,Halcyon Digest,26 Sep 2018,17:05
266,Earthquake,Deerhunter,Halcyon Digest,26 Sep 2018,16:54
267,Banquet,Bloc Party,Silent Alarm,26 Sep 2018,16:15
268,Helicopter,Bloc Party,Silent Alarm,26 Sep 2018,16:12
269,PDA,Interpol,Turn on the Bright Lights,26 Sep 2018,16:04
270,NYC,Interpol,Turn on the Bright Lights,26 Sep 2018,16:00
271,Obstacle 1,Interpol,Turn on the Bright Lights,26 Sep 2018,15:56
272,Untitled,Interpol,Turn on the Bright Lights,26 Sep 2018,15:52
273,The Persistence of Loss,Nine Inch Nails,Still,26 Sep 2018,15:50
274,And All That Could Have Been,Nine Inch Nails,Still,26 Sep 2018,15:43
275,And All That Could Have Been,Nine Inch Nails,And All That Could Have Been/Still,26 Sep 2018,15:37
276,Closer,Nine Inch Nails,The Downward Spiral,26 Sep 2018,15:33
277,Closer,Nine Inch Nails,The Downward Spiral,26 Sep 2018,14:58
278,Hey,Pixies,Doolittle,26 Sep 2018,14:54
279,Butterfly,Weezer,Pinkerton,26 Sep 2018,14:51
280,Falling for You,Weezer,Pinkerton,26 Sep 2018,14:47
281,Pink Triangle,Weezer,Pinkerton,26 Sep 2018,14:43
282,El Scorcho,Weezer,Pinkerton,26 Sep 2018,12:49
283,The Good Life,Weezer,Pinkerton,26 Sep 2018,12:45
284,Across the Sea,Weezer,Pinkerton,26 Sep 2018,12:40
285,Why Bother?,Weezer,Pinkerton,26 Sep 2018,12:38
286,No Other One,Weezer,Pinkerton,26 Sep 2018,12:35
287,Getchoo,Weezer,Pinkerton,26 Sep 2018,12:32
288,Tired of Sex,Weezer,Pinkerton,26 Sep 2018,12:29
289,Jamie - DGC Rarities Version,Weezer,Weezer (Deluxe Edition),26 Sep 2018,12:27
290,No Other One,Weezer,Pinkerton,26 Sep 2018,12:24
291,El Scorcho,Weezer,Pinkerton,26 Sep 2018,12:20
292,Undone - The Sweater Song,Weezer,Weezer,26 Sep 2018,12:15
293,Buddy Holly,Weezer,Weezer (Deluxe Edition),26 Sep 2018,12:13
294,Say It Ain't So,Weezer,Weezer (Deluxe Edition),26 Sep 2018,12:09
295,Killing in the Name,Rage Against the Machine,Rage Against The Machine - XX (20th Anniversary Special Edition),26 Sep 2018,12:04
296,Sabotage,Beastie Boys,Ill Communication,26 Sep 2018,12:01
297,Disco 2000,Pulp,Different Class,26 Sep 2018,11:55
298,To Here Knows When - Remastered Version,My Bloody Valentine,Loveless,26 Sep 2018,11:10
299,Touched - Remastered Version,My Bloody Valentine,Loveless,26 Sep 2018,11:09
300,Loomer - Remastered Version,My Bloody Valentine,Loveless,26 Sep 2018,11:07
301,Only Shallow - Remastered Version,My Bloody Valentine,Loveless,26 Sep 2018,11:02
302,Never Had No One Ever - 2011 Remastered Version,The Smiths,The Queen Is Dead,26 Sep 2018,10:58
303,I Know It's Over - 2011 Remastered Version,The Smiths,The Queen Is Dead,26 Sep 2018,10:52
304,"Frankly, Mr. Shankly - 2011 Remastered Version",The Smiths,The Queen Is Dead,26 Sep 2018,10:49
305,The Queen Is Dead - 2011 Remastered Version,The Smiths,The Queen Is Dead,26 Sep 2018,10:43
306,Prayers for Rain,The Cure,Disintegration (Remastered),26 Sep 2018,10:21
307,Fascination Street,The Cure,Disintegration (Remastered),26 Sep 2018,10:15
308,Lullaby,The Cure,Disintegration (Remastered),26 Sep 2018,10:11
309,Last Dance,The Cure,Disintegration (Remastered),26 Sep 2018,09:52
310,Lovesong - Remastered,The Cure,Disintegration (Remastered),26 Sep 2018,09:49
311,Closedown,The Cure,Disintegration (Remastered),26 Sep 2018,09:44
312,Pictures of You,The Cure,Disintegration (Remastered),26 Sep 2018,09:36
313,Plainsong,The Cure,Disintegration (Remastered),26 Sep 2018,09:31
314,Fake Plastic Trees,Radiohead,The Bends,26 Sep 2018,09:25
315,High and Dry,Radiohead,The Bends,26 Sep 2018,08:45
316,The Bends,Radiohead,The Bends,26 Sep 2018,08:40
317,Planet Telex,Radiohead,The Bends,26 Sep 2018,08:36
318,Gouge Away,Pixies,Doolittle,26 Sep 2018,08:33
319,Silver,Pixies,Doolittle,26 Sep 2018,08:30
320,Hey,Pixies,Doolittle,26 Sep 2018,08:27
321,There Goes My Gun,Pixies,Doolittle,26 Sep 2018,08:25
322,No. 13 Baby,Pixies,Doolittle,26 Sep 2018,08:21
323,La La Love You,Pixies,Doolittle,26 Sep 2018,08:18
324,Crackity Jones,Pixies,Doolittle,26 Sep 2018,08:17
325,Mr. Grieves,Pixies,Doolittle,26 Sep 2018,08:15
326,Monkey Gone to Heaven,Pixies,Doolittle,26 Sep 2018,08:12
327,Dead,Pixies,Doolittle,26 Sep 2018,08:10
328,Here Comes Your Man,Pixies,Doolittle,26 Sep 2018,08:06
329,I Bleed,Pixies,Doolittle,26 Sep 2018,08:04
330,Wave of Mutilation,Pixies,Doolittle,26 Sep 2018,08:01
331,Tame,Pixies,Doolittle,25 Sep 2018,07:59
332,Debaser,Pixies,Doolittle,25 Sep 2018,07:56
333,Hey,Pixies,Doolittle,25 Sep 2018,07:42
334,Hey,Pixies,Doolittle,25 Sep 2018,22:24
335,Hey,Pixies,Doolittle,25 Sep 2018,21:46
336,Tame,Pixies,Doolittle,25 Sep 2018,21:44
337,Debaser,Pixies,Doolittle,25 Sep 2018,21:41
338,Gouge Away,Pixies,Doolittle,25 Sep 2018,21:38
339,Hey,Pixies,Doolittle,25 Sep 2018,21:35
340,Hey,Pixies,Doolittle,25 Sep 2018,21:31
341,Highway of Endless Dreams,M83,Saturdays = Youth,25 Sep 2018,20:53
342,We Own the Sky,M83,Saturdays = Youth,25 Sep 2018,18:39
343,Up!,M83,Saturdays = Youth,25 Sep 2018,18:34
344,Couleurs,M83,Saturdays = Youth,25 Sep 2018,18:29
345,Graveyard Girl,M83,Saturdays = Youth,25 Sep 2018,18:21
346,Skin of the Night,M83,Saturdays = Youth,25 Sep 2018,18:16
347,Kim & Jessie,M83,Saturdays = Youth,25 Sep 2018,18:10
348,You Appearing,M83,Saturdays = Youth,25 Sep 2018,17:06
349,Love Will Tear Us Apart,Joy Division,The Best Of,25 Sep 2018,17:03
350,Song 2 - 2012 Remastered Version,Blur,blur [Special Edition],25 Sep 2018,17:01
351,Losing My Religion,R.E.M.,Out Of Time (25th Anniversary Edition),25 Sep 2018,16:57
352,Where Is My Mind?,Pixies,Surfer Rosa (Remastered),25 Sep 2018,16:53
353,Hey,Pixies,Doolittle,25 Sep 2018,16:49
354,People Are Strange - New Stereo Mix Advanced Resolution,The Doors,The Future Starts Here: The Essential Doors Hits,25 Sep 2018,15:52
355,Gold Soundz,Pavement,"Crooked Rain, Crooked Rain",25 Sep 2018,15:49
356,Love Is the Drug,Roxy Music,Roxy Music Collection,25 Sep 2018,15:45
357,Movin' On Up,Primal Scream,Screamadelica,25 Sep 2018,15:41
358,Teen Age Riot (album version),Sonic Youth,Daydream Nation (Deluxe Edition),25 Sep 2018,15:34
359,Cherry-Coloured Funk,Cocteau Twins,Heaven Or Las Vegas (Remastered),25 Sep 2018,15:31
360,Marquee Moon - Remastered,Television,Marquee Moon/Adventure/Live At The Waldorf [The Complete Elektra Recordings Plus Liner Notes],25 Sep 2018,15:20
361,Hey,Pixies,Doolittle,25 Sep 2018,15:17
362,Black Hole Sun,Soundgarden,Superunknown (Deluxe Edition),25 Sep 2018,15:10
363,Mayonaise - Remastered,The Smashing Pumpkins,Siamese Dream (Deluxe Edition),25 Sep 2018,15:04
364,Today - Remastered,The Smashing Pumpkins,Siamese Dream (2011 - Remaster),25 Sep 2018,15:01
365,Love Will Tear Us Apart,Joy Division,The Best Of,25 Sep 2018,14:57
366,Song 2 - 2012 Remastered Version,Blur,blur [Special Edition],25 Sep 2018,14:55
367,Losing My Religion,R.E.M.,Out Of Time (25th Anniversary Edition),25 Sep 2018,14:51
368,Where Is My Mind?,Pixies,Surfer Rosa (Remastered),25 Sep 2018,14:47
369,Hey,Pixies,Doolittle,25 Sep 2018,14:43
370,Daft Punk Is Playing at My House,LCD Soundsystem,LCD Soundsystem,25 Sep 2018,13:02
371,Someone Great,LCD Soundsystem,Sound Of Silver,25 Sep 2018,12:55
372,All My Friends,LCD Soundsystem,Sound Of Silver,25 Sep 2018,12:47
373,Family Tree,TV on the Radio,Dear Science (Bonus Track Version),25 Sep 2018,12:41
374,Golden Age,TV on the Radio,Dear Science (Bonus Track Version),25 Sep 2018,12:36
375,Stork & Owl,TV on the Radio,Dear Science (Bonus Track Version),25 Sep 2018,12:32
376,Dancing Choose,TV on the Radio,Dear Science (Bonus Track Version),25 Sep 2018,12:29
377,Crying,TV on the Radio,Dear Science (Bonus Track Version),25 Sep 2018,12:25
378,Halfway Home,TV on the Radio,Dear Science (Bonus Track Version),25 Sep 2018,12:20
379,Paris 1919,John Cale,Paris 1919,25 Sep 2018,12:16
380,Start Choppin',Dinosaur Jr.,Where You Been,25 Sep 2018,12:10
381,Corona,Minutemen,Double Nickels on the Dime,25 Sep 2018,12:08
382,Age Of Consent - 2015 Remastered Version,New Order,"Power, Corruption & Lies",25 Sep 2018,12:03
383,Blue Monday - 2016 Remastered Version,New Order,"Power, Corruption & Lies [Collector's Edition]",25 Sep 2018,11:55
384,Song 2 - 2012 Remastered Version,Blur,blur [Special Edition],25 Sep 2018,11:52
385,Where Is My Mind?,Pixies,Surfer Rosa (Remastered),25 Sep 2018,11:48
386,Today - Remastered,The Smashing Pumpkins,Siamese Dream (2011 - Remaster),25 Sep 2018,11:45
387,Interstate Love Song,Stone Temple Pilots,Purple,25 Sep 2018,11:42
388,Range Life,Pavement,"Crooked Rain, Crooked Rain: LA's Desert Origins",25 Sep 2018,11:37
389,Planet Telex,Radiohead,The Bends,25 Sep 2018,11:33
390,Street Spirit (Fade Out),Radiohead,The Bends,25 Sep 2018,11:06
391,Street Spirit (Fade Out),Radiohead,The Bends,25 Sep 2018,10:55
392,Fake Plastic Trees,Radiohead,The Bends,25 Sep 2018,10:50
393,Gold Soundz,Pavement,"Crooked Rain, Crooked Rain",25 Sep 2018,10:48
394,Cut Your Hair,Pavement,"Crooked Rain, Crooked Rain",25 Sep 2018,10:45
395,Losing My Religion,R.E.M.,Out Of Time (25th Anniversary Edition),25 Sep 2018,10:40
396,Mayonaise - Remastered,The Smashing Pumpkins,Siamese Dream (Deluxe Edition),25 Sep 2018,10:34
397,Smells Like Teen Spirit,Nirvana,Nevermind (Deluxe Edition),25 Sep 2018,10:29
398,All Apologies - MTV Unplugged,Nirvana,Nirvana,25 Sep 2018,10:25
399,Heart-Shaped Box,Nirvana,In Utero - 20th Anniversary - Deluxe Edition,25 Sep 2018,10:21
400,Feel the Pain,Dinosaur Jr.,Without a Sound,25 Sep 2018,10:16
401,Hey,Pixies,Doolittle,25 Sep 2018,10:13
402,Common People,Pulp,Different Class,25 Sep 2018,10:02
403,Loser,Beck,Mellow Gold,25 Sep 2018,09:58
404,Hey,Pixies,Doolittle,25 Sep 2018,09:54
405,Hey,Pixies,Doolittle,25 Sep 2018,09:49
406,Kettering,The Antlers,Hospice,25 Sep 2018,09:42
407,Prologue,The Antlers,Hospice,25 Sep 2018,09:40
408,Make Believe,Kero Kero Bonito,Make Believe,25 Sep 2018,09:37
409,TONYA,BROCKHAMPTON,iridescence,25 Sep 2018,09:33
410,J'OUVERT,BROCKHAMPTON,iridescence,25 Sep 2018,09:29
411,Too Real,Fidlar,Too Real,25 Sep 2018,09:25
412,TONYA,BROCKHAMPTON,iridescence,25 Sep 2018,09:20
413,Heart-Shaped Box,Nirvana,In Utero - 20th Anniversary - Deluxe Edition,24 Sep 2018,23:24
414,Black Hole Sun,Soundgarden,Superunknown (Deluxe Edition),24 Sep 2018,23:18
415,Mayonaise - Remastered,The Smashing Pumpkins,Siamese Dream (Deluxe Edition),24 Sep 2018,23:12
416,Losing My Religion,R.E.M.,Out Of Time (25th Anniversary Edition),24 Sep 2018,23:07
417,Where Is My Mind?,Pixies,Surfer Rosa (Remastered),24 Sep 2018,23:03
418,Hey,Pixies,Doolittle,24 Sep 2018,23:00
419,Sad Heart of Mine,Caspian,Dust and Disquiet,24 Sep 2018,22:54
420,Separation No. 2,Caspian,Dust and Disquiet,24 Sep 2018,22:50
421,Darkfield,Caspian,Dust and Disquiet,24 Sep 2018,22:43
422,Waking Up,Explosions in the Sky,Lone Survivor (Original Motion Picture Soundtrack),24 Sep 2018,22:38
423,Your Hand in Mine,Explosions in the Sky,The Earth Is Not a Cold Dead Place,24 Sep 2018,22:30
424,Storm,Godspeed You! Black Emperor,Lift Your Skinny Fists Like Antennas to Heaven,24 Sep 2018,22:17
425,Range Life,Pavement,"Crooked Rain, Crooked Rain: LA's Desert Origins",24 Sep 2018,22:11
426,Today - Remastered,The Smashing Pumpkins,Siamese Dream (2011 - Remaster),24 Sep 2018,22:08
427,Gold Soundz,Pavement,"Crooked Rain, Crooked Rain",24 Sep 2018,22:04
428,Mayonaise - Remastered,The Smashing Pumpkins,Siamese Dream (Deluxe Edition),24 Sep 2018,21:58
429,Where Is My Mind?,Pixies,Surfer Rosa (Remastered),24 Sep 2018,21:52
430,Hey,Pixies,Doolittle,24 Sep 2018,21:48
431,Hurt,Nine Inch Nails,The Downward Spiral,24 Sep 2018,20:34
432,Bulls on Parade,Rage Against the Machine,Evil Empire,24 Sep 2018,20:31
433,Paranoid Android,Radiohead,OK Computer,24 Sep 2018,20:25
434,Carry the Zero,Built to Spill,Keep It Like a Secret,24 Sep 2018,20:19
435,Killing in the Name,Rage Against the Machine,Rage Against The Machine - XX (20th Anniversary Special Edition),24 Sep 2018,20:14
436,Teen Age Riot (album version),Sonic Youth,Daydream Nation (Deluxe Edition),24 Sep 2018,20:07
437,Fade Into You,Mazzy Star,So Tonight That I Might See,24 Sep 2018,20:02
438,Say It Ain't So,Weezer,Weezer (Deluxe Edition),24 Sep 2018,19:58
439,Sabotage,Beastie Boys,Ill Communication,24 Sep 2018,19:55
440,Girls and Boys - 2012 Remastered Version,Blur,Parklife [Special Edition],24 Sep 2018,19:52
441,Song 2 - 2012 Remastered Version,Blur,blur [Special Edition],24 Sep 2018,19:46
442,"Tonight, Tonight - Remastered 2012",The Smashing Pumpkins,Mellon Collie and the Infinite Sadness (Deluxe Edition),24 Sep 2018,19:40
443,Hey,Pixies,Doolittle,24 Sep 2018,19:35
444,Hey,Pixies,Doolittle,24 Sep 2018,19:31
445,Wave of Mutilation,Pixies,Doolittle,24 Sep 2018,19:09
446,Tame,Pixies,Doolittle,24 Sep 2018,19:07
447,Debaser,Pixies,Doolittle,24 Sep 2018,19:04
448,Hey,Pixies,Doolittle,24 Sep 2018,19:00
449,Do You Remember the First Time?,Pulp,His 'n' Hers,24 Sep 2018,17:49
450,Babies,Pulp,His 'n' Hers,24 Sep 2018,17:45
451,Disco 2000,Pulp,Different Class,24 Sep 2018,17:40
452,Common People,Pulp,Different Class,24 Sep 2018,17:07
453,Carry the Zero,Built to Spill,Keep It Like a Secret,24 Sep 2018,16:59
454,Gold Soundz,Pavement,"Crooked Rain, Crooked Rain",24 Sep 2018,16:56
455,Range Life,Pavement,"Crooked Rain, Crooked Rain: LA's Desert Origins",24 Sep 2018,16:51
456,Feel the Pain,Dinosaur Jr.,Without a Sound,24 Sep 2018,16:45
457,Monkey Gone to Heaven,Pixies,Doolittle,24 Sep 2018,16:42
458,Hey,Pixies,Doolittle,24 Sep 2018,16:38
459,Hey,Pixies,Doolittle,24 Sep 2018,16:30
460,Fascination Street,The Cure,Disintegration (Remastered),24 Sep 2018,15:00
461,Lullaby,The Cure,Disintegration (Remastered),24 Sep 2018,14:55
462,Hey,Pixies,Doolittle,24 Sep 2018,14:50
463,Silver Rocket,Sonic Youth,Daydream Nation (Remastered Original Album),24 Sep 2018,14:45
464,Teen Age Riot (album version),Sonic Youth,Daydream Nation (Remastered Original Album),24 Sep 2018,14:39
465,Gouge Away,Pixies,Doolittle,24 Sep 2018,14:35
466,Silver,Pixies,Doolittle,24 Sep 2018,14:33
467,Hey,Pixies,Doolittle,24 Sep 2018,14:29
468,Hey,Pixies,Doolittle,24 Sep 2018,14:25
469,Hey,Pixies,Doolittle,24 Sep 2018,14:22
470,There Goes My Gun,Pixies,Doolittle,24 Sep 2018,14:21
471,No. 13 Baby,Pixies,Doolittle,24 Sep 2018,14:17
472,La La Love You,Pixies,Doolittle,24 Sep 2018,14:14
473,Crackity Jones,Pixies,Doolittle,24 Sep 2018,14:13
474,Mr. Grieves,Pixies,Doolittle,24 Sep 2018,14:11
475,Monkey Gone to Heaven,Pixies,Doolittle,24 Sep 2018,14:08
476,Dead,Pixies,Doolittle,24 Sep 2018,14:05
477,Here Comes Your Man,Pixies,Doolittle,24 Sep 2018,14:02
478,I Bleed,Pixies,Doolittle,24 Sep 2018,13:59
479,Wave of Mutilation,Pixies,Doolittle,24 Sep 2018,13:57
480,Tame,Pixies,Doolittle,24 Sep 2018,13:55
481,Debaser,Pixies,Doolittle,24 Sep 2018,13:52
482,Wave of Mutilation,Pixies,Doolittle,24 Sep 2018,13:51
483,Monkey Gone to Heaven,Pixies,Doolittle,24 Sep 2018,13:48
484,Debaser,Pixies,Doolittle,24 Sep 2018,13:45
485,Hey,Pixies,Doolittle,24 Sep 2018,13:17
486,Wave of Mutilation,Pixies,Doolittle,24 Sep 2018,13:16
487,Monkey Gone to Heaven,Pixies,Doolittle,24 Sep 2018,13:13
488,Debaser,Pixies,Doolittle,24 Sep 2018,13:10
489,Hey,Pixies,Doolittle,24 Sep 2018,13:07
490,Here Comes Your Man,Pixies,Doolittle,24 Sep 2018,13:03
491,Where Is My Mind?,Pixies,Surfer Rosa (Remastered),24 Sep 2018,12:38
492,Interstate Love Song,Stone Temple Pilots,Purple,24 Sep 2018,12:35
493,Mayonaise - Remastered,The Smashing Pumpkins,Siamese Dream (2011 - Remaster),24 Sep 2018,12:28
494,Disarm - Remastered,The Smashing Pumpkins,Siamese Dream (2011 - Remaster),24 Sep 2018,12:00
495,Today - Remastered,The Smashing Pumpkins,Siamese Dream (2011 - Remaster),24 Sep 2018,11:57
496,Mayonaise - Remastered,The Smashing Pumpkins,Siamese Dream (2011 - Remaster),24 Sep 2018,11:51
497,Mayonaise - Remastered,The Smashing Pumpkins,Siamese Dream (2011 - Remaster),24 Sep 2018,11:47
498,Mayonaise - Remastered,The Smashing Pumpkins,Siamese Dream (2011 - Remaster),24 Sep 2018,11:41
499,DISTRICT,BROCKHAMPTON,iridescence,24 Sep 2018,10:55
500,WEIGHT,BROCKHAMPTON,iridescence,24 Sep 2018,10:50
501,Suspirium,Thom Yorke,Suspirium,24 Sep 2018,10:47
502,Bassackwards,Kurt Vile,Bassackwards,24 Sep 2018,10:37
503,Slow dancing in the dark,Joji,SLOW DANCING IN THE DARK,24 Sep 2018,10:34
504,Make Believe,Kero Kero Bonito,Make Believe,24 Sep 2018,10:30
505,TONYA,BROCKHAMPTON,iridescence,24 Sep 2018,10:25
506,J'OUVERT,BROCKHAMPTON,iridescence,24 Sep 2018,10:21
507,Too Real,Fidlar,Too Real,24 Sep 2018,10:17
508,Mariners Apartment Complex,Lana Del Rey,Mariners Apartment Complex,24 Sep 2018,10:12
509,Range Life,Pavement,"Crooked Rain, Crooked Rain: LA's Desert Origins",24 Sep 2018,10:06
510,Mariners Apartment Complex,Lana Del Rey,Mariners Apartment Complex,23 Sep 2018,22:13
511,TONYA,BROCKHAMPTON,iridescence,23 Sep 2018,22:07
512,Mariners Apartment Complex,Lana Del Rey,Mariners Apartment Complex,23 Sep 2018,21:57
513,symbol,AdriAnne Lenker,symbol,23 Sep 2018,21:52
514,Too Real,Fidlar,Too Real,23 Sep 2018,21:49
515,Helicopter,Deerhunter,Halcyon Digest,23 Sep 2018,21:45
516,self control,Frank Ocean,Blonde,23 Sep 2018,21:05
517,Heartbeats,José González,Veneer,23 Sep 2018,21:02
518,Over Everything,Courtney Barnett,Over Everything,23 Sep 2018,20:56
519,Tessellate,alt-J,An Awesome Wave,23 Sep 2018,20:53
520,Dreams - Remastered,Fleetwood Mac,Rumours,23 Sep 2018,20:48
521,Lua,Bright Eyes,"I'm Wide Awake, It's Morning (Remastered)",23 Sep 2018,20:44
522,To Build a Home,The Cinematic Orchestra,Ma Fleur,23 Sep 2018,20:38
523,Bloom (Online Bonus Track),The Paper Kites,Woodland,23 Sep 2018,20:34
524,Never Meant,American Football,American Football,23 Sep 2018,20:31
525,Yoshimi Battles The Pink Robots Part 1,The Flaming Lips,Yoshimi Battles The Pink Robots (U.S. Version),23 Sep 2018,20:26
526,Do You Realize??,The Flaming Lips,Yoshimi Battles The Pink Robots (U.S. Version),23 Sep 2018,20:22
527,The Killing Moon,Echo & the Bunnymen,Ocean Rain (Expanded & Remastered),23 Sep 2018,20:17
528,Disorder - 2007 remastered version,Joy Division,Unknown Pleasures,23 Sep 2018,20:13
529,Ceremony - Version 1; 2016 Remastered Version,New Order,Singles (Remastered),23 Sep 2018,20:07
530,Bizarre Love Triangle,New Order,Brotherhood [Collector's Edition],23 Sep 2018,20:02
531,Blue Monday - 2016 Remastered Version,New Order,Singles (Remastered),23 Sep 2018,19:55
532,Age Of Consent - 2015 Remastered Version,New Order,"Power, Corruption & Lies",23 Sep 2018,19:49
533,To All The Girls,Beastie Boys,Paul's Boutique,23 Sep 2018,19:47
534,Jimmy Jazz,The Clash,London Calling,23 Sep 2018,19:42
535,Brand New Cadillac,The Clash,London Calling,23 Sep 2018,19:40
536,London Calling - Remastered,The Clash,London Calling,23 Sep 2018,19:36
537,Suspirium,Thom Yorke,Suspirium,23 Sep 2018,12:44
538,Bassackwards,Kurt Vile,Bassackwards,23 Sep 2018,12:31
539,Slow dancing in the dark,Joji,SLOW DANCING IN THE DARK,23 Sep 2018,12:28
540,Make Believe,Kero Kero Bonito,Make Believe,23 Sep 2018,12:24
541,TONYA,BROCKHAMPTON,iridescence,23 Sep 2018,12:19
542,J'OUVERT,BROCKHAMPTON,iridescence,23 Sep 2018,12:15
543,Focus - Yaeji Remix,Charli XCX,Focus (Yaeji Remix),23 Sep 2018,12:13
544,Range Life,Pavement,"Crooked Rain, Crooked Rain: LA's Desert Origins",23 Sep 2018,11:05
545,Zones Without People,Oneohtrix Point Never,Zones Without People,22 Sep 2018,23:39
546,Betrayed in the Octagon,Oneohtrix Point Never,Betrayed in the Octagon,22 Sep 2018,23:35
547,Lately (Deuxième),Memoryhouse,The Years,22 Sep 2018,23:32
548,We Own the Sky,M83,Saturdays = Youth,22 Sep 2018,23:27
549,Scissor,Liars,Sisterworld,22 Sep 2018,23:24
550,Baby’s Arms,Kurt Vile,Smoke Ring for My Halo,22 Sep 2018,23:20
551,Helicopter,Deerhunter,Halcyon Digest,22 Sep 2018,23:15
552,While You Wait for the Others,Grizzly Bear,Veckatimest,22 Sep 2018,23:10
553,Two Weeks,Grizzly Bear,Veckatimest,22 Sep 2018,23:05
554,Atrophy,The Antlers,Hospice,22 Sep 2018,22:58
555,Sylvia,The Antlers,Hospice,22 Sep 2018,22:53
556,Kettering,The Antlers,Hospice,22 Sep 2018,22:48
557,Prologue,The Antlers,Hospice,22 Sep 2018,22:45
558,Wake Up,Arcade Fire,Funeral,22 Sep 2018,22:42
559,Kettering,The Antlers,Hospice,22 Sep 2018,22:37
560,Rebellion (Lies),Arcade Fire,Funeral,22 Sep 2018,22:31
561,PDA,Interpol,Turn On the Bright Lights: The Tenth Anniversary Edition (Remastered),22 Sep 2018,22:25
562,New Slang,The Shins,"Oh, Inverted World",22 Sep 2018,22:21
563,Trailer Trash,Modest Mouse,The Lonesome Crowded West,22 Sep 2018,22:15
564,In Circles - Remastered,Sunny Day Real Estate,Diary (2009 Edition),22 Sep 2018,22:10
565,Gold Soundz,Pavement,"Crooked Rain, Crooked Rain",22 Sep 2018,22:05
566,Range Life,Pavement,"Crooked Rain, Crooked Rain: LA's Desert Origins",22 Sep 2018,22:00
567,Carry the Zero,Built to Spill,Keep It Like a Secret,22 Sep 2018,21:54
568,No Surprises (remastered),Radiohead,OK Computer OKNOTOK 1997 2017,22 Sep 2018,15:23
569,Optimistic,Radiohead,Kid A,21 Sep 2018,00:00
570,Reckoner,Radiohead,In Rainbows,21 Sep 2018,23:52
571,Pyramid Song,Radiohead,Amnesiac,21 Sep 2018,23:47
572,Exit Music (For a Film) (Remastered),Radiohead,OK Computer OKNOTOK 1997 2017,21 Sep 2018,23:43
573,Street Spirit (Fade Out),Radiohead,The Bends,21 Sep 2018,23:25
574,Lullaby,The Cure,Disintegration (Remastered),21 Sep 2018,23:22
575,TAPE,BROCKHAMPTON,iridescence,21 Sep 2018,23:16
576,LOOPHOLE,BROCKHAMPTON,iridescence,21 Sep 2018,23:15
577,DISTRICT,BROCKHAMPTON,iridescence,21 Sep 2018,23:12
578,WEIGHT,BROCKHAMPTON,iridescence,21 Sep 2018,23:07
579,SAN MARCOS,BROCKHAMPTON,iridescence,21 Sep 2018,23:03
580,TONYA,BROCKHAMPTON,iridescence,21 Sep 2018,22:53
581,Motion Picture Soundtrack,Radiohead,Kid A,21 Sep 2018,20:28
582,Let Down (Remastered),Radiohead,OK Computer OKNOTOK 1997 2017,21 Sep 2018,20:23
583,No Surprises (remastered),Radiohead,OK Computer OKNOTOK 1997 2017,21 Sep 2018,20:19
584,Nude,Radiohead,In Rainbows,21 Sep 2018,20:15
585,Exit Music (For a Film) (Remastered),Radiohead,OK Computer OKNOTOK 1997 2017,21 Sep 2018,20:10
586,Paranoid Android (Remastered),Radiohead,OK Computer OKNOTOK 1997 2017,21 Sep 2018,20:04
587,Planet Telex,Radiohead,The Bends,21 Sep 2018,19:59
588,Fake Plastic Trees,Radiohead,The Bends,21 Sep 2018,19:54
589,Weird Fishes/ Arpeggi,Radiohead,In Rainbows,21 Sep 2018,19:49
590,Daydreaming,Radiohead,A Moon Shaped Pool,21 Sep 2018,19:43
591,All I Need,Radiohead,In Rainbows,21 Sep 2018,19:39
592,Reckoner,Radiohead,In Rainbows,21 Sep 2018,19:34
593,Idioteque,Radiohead,Kid A,21 Sep 2018,17:06
594,Pyramid Song,Radiohead,Amnesiac,21 Sep 2018,17:01
595,Identikit,Radiohead,A Moon Shaped Pool,21 Sep 2018,16:57
596,True Love Waits,Radiohead,A Moon Shaped Pool,21 Sep 2018,16:52
597,Decks Dark,Radiohead,A Moon Shaped Pool,21 Sep 2018,16:48
598,Motion Picture Soundtrack,Radiohead,Kid A,21 Sep 2018,16:44
599,How to Disappear Completely,Radiohead,Kid A,21 Sep 2018,16:38
600,Street Spirit (Fade Out),Radiohead,The Bends,21 Sep 2018,16:34
601,"There, There",Radiohead,Hail to the Thief,21 Sep 2018,16:29
602,Our Love Comes Back,James Blake,Overgrown,21 Sep 2018,13:48
603,To the Last,James Blake,Overgrown,21 Sep 2018,13:44
604,Voyeur,James Blake,Overgrown,21 Sep 2018,13:40
605,Digital Lion,James Blake,Overgrown,21 Sep 2018,13:35
606,DLM,James Blake,Overgrown,21 Sep 2018,13:32
607,Retrograde,James Blake,Overgrown,21 Sep 2018,12:42
608,Why Don't You Call Me,James Blake,James Blake,21 Sep 2018,12:24
609,To Care (Like You),James Blake,James Blake,21 Sep 2018,12:20
610,Give Me My Month,James Blake,James Blake,21 Sep 2018,12:18
611,Limit to Your Love,James Blake,James Blake,21 Sep 2018,12:13
612,Lindisfarne II,James Blake,James Blake,21 Sep 2018,12:10
613,Lindisfarne I,James Blake,James Blake,21 Sep 2018,12:08
614,You Know Your Youth,James Blake,James Blake,21 Sep 2018,12:06
615,The Wilhelm Scream,James Blake,James Blake,21 Sep 2018,12:02
616,CMYK,James Blake,CMYK EP,21 Sep 2018,11:58
617,Helicopter,Deerhunter,Halcyon Digest,21 Sep 2018,11:52
618,These Streets Will Never Look the Same,Chromatics,Kill for Love,21 Sep 2018,11:44
619,Prayers for Rain,The Cure,Disintegration (Remastered),21 Sep 2018,11:38
620,Fascination Street,The Cure,Disintegration (Remastered),21 Sep 2018,11:33
621,Lullaby,The Cure,Disintegration (Remastered),21 Sep 2018,11:29
622,Last Dance,The Cure,Disintegration (Remastered),21 Sep 2018,11:24
623,Like Eating Glass,Bloc Party,Silent Alarm,21 Sep 2018,11:13
624,Gold Soundz,Pavement,"Crooked Rain, Crooked Rain",21 Sep 2018,11:10
625,Range Life,Pavement,"Crooked Rain, Crooked Rain: LA's Desert Origins",21 Sep 2018,11:06
626,J'OUVERT,BROCKHAMPTON,iridescence,21 Sep 2018,11:02
627,DISTRICT,BROCKHAMPTON,iridescence,21 Sep 2018,10:58
628,WEIGHT,BROCKHAMPTON,iridescence,21 Sep 2018,10:54
629,J'OUVERT,BROCKHAMPTON,iridescence,21 Sep 2018,10:50
630,FABRIC,BROCKHAMPTON,iridescence,21 Sep 2018,10:45
631,TONYA,BROCKHAMPTON,iridescence,21 Sep 2018,10:19
632,FABRIC,BROCKHAMPTON,iridescence,21 Sep 2018,10:15
633,TONYA,BROCKHAMPTON,iridescence,21 Sep 2018,10:11
634,SAN MARCOS,BROCKHAMPTON,iridescence,21 Sep 2018,10:06
635,VIVID,BROCKHAMPTON,iridescence,21 Sep 2018,10:04
636,HONEY,BROCKHAMPTON,iridescence,21 Sep 2018,10:00
637,J'OUVERT,BROCKHAMPTON,iridescence,21 Sep 2018,09:56
638,TAPE,BROCKHAMPTON,iridescence,21 Sep 2018,09:53
639,LOOPHOLE,BROCKHAMPTON,iridescence,21 Sep 2018,09:52
640,DISTRICT,BROCKHAMPTON,iridescence,21 Sep 2018,09:48
641,WEIGHT,BROCKHAMPTON,iridescence,21 Sep 2018,09:44
642,WHERE THE CASH AT,BROCKHAMPTON,iridescence,21 Sep 2018,09:42
643,SOMETHING ABOUT HIM,BROCKHAMPTON,iridescence,21 Sep 2018,09:41
644,BERLIN,BROCKHAMPTON,iridescence,21 Sep 2018,09:37
645,THUG LIFE,BROCKHAMPTON,iridescence,21 Sep 2018,09:35
646,New Orleans,BROCKHAMPTON,iridescence,20 Sep 2018,00:00
647,Bassackwards,Kurt Vile,Bassackwards,20 Sep 2018,22:48
648,Slow dancing in the dark,Joji,SLOW DANCING IN THE DARK,20 Sep 2018,22:44
649,Gold Soundz,Pavement,"Crooked Rain, Crooked Rain",20 Sep 2018,22:41
650,Range Life,Pavement,"Crooked Rain, Crooked Rain: LA's Desert Origins",20 Sep 2018,22:36
651,Carry the Zero,Built to Spill,Keep It Like a Secret,20 Sep 2018,22:21
652,Lullaby,The Cure,Disintegration (Remastered),20 Sep 2018,20:56
653,Last Dance,The Cure,Disintegration (Remastered),20 Sep 2018,20:52
654,Lovesong - Remastered,The Cure,Disintegration (Remastered),20 Sep 2018,20:48
655,The Tourist (Remastered),Radiohead,OK Computer OKNOTOK 1997 2017,20 Sep 2018,20:42
656,Lucky (Remastered),Radiohead,OK Computer OKNOTOK 1997 2017,20 Sep 2018,20:37
657,No Surprises (remastered),Radiohead,OK Computer OKNOTOK 1997 2017,20 Sep 2018,20:34
658,Climbing Up the Walls (Remastered),Radiohead,OK Computer OKNOTOK 1997 2017,20 Sep 2018,20:29
659,Electioneering (Remastered),Radiohead,OK Computer OKNOTOK 1997 2017,20 Sep 2018,20:25
660,Fitter Happier (Remastered),Radiohead,OK Computer OKNOTOK 1997 2017,20 Sep 2018,20:23
661,Karma Police (Remastered),Radiohead,OK Computer OKNOTOK 1997 2017,20 Sep 2018,20:19
662,Let Down (Remastered),Radiohead,OK Computer OKNOTOK 1997 2017,20 Sep 2018,20:14
663,Exit Music (For a Film) (Remastered),Radiohead,OK Computer OKNOTOK 1997 2017,20 Sep 2018,20:09
664,Subterranean Homesick Alien (Remastered),Radiohead,OK Computer OKNOTOK 1997 2017,20 Sep 2018,20:05
665,Paranoid Android (Remastered),Radiohead,OK Computer OKNOTOK 1997 2017,20 Sep 2018,19:58
666,Airbag (Remastered),Radiohead,OK Computer OKNOTOK 1997 2017,20 Sep 2018,19:54
667,Street Spirit (Fade Out),Radiohead,The Bends,20 Sep 2018,16:04
668,Sulk,Radiohead,The Bends,20 Sep 2018,16:00
669,Black Star,Radiohead,The Bends,20 Sep 2018,15:56
670,Bullet Proof ... I Wish I Was,Radiohead,The Bends,20 Sep 2018,15:52
671,My Iron Lung,Radiohead,The Bends,20 Sep 2018,15:48
672,Just,Radiohead,The Bends,20 Sep 2018,15:44
673,(Nice Dream),Radiohead,The Bends,20 Sep 2018,15:40
674,Bones,Radiohead,The Bends,20 Sep 2018,15:37
675,Fake Plastic Trees,Radiohead,The Bends,20 Sep 2018,15:32
676,High and Dry,Radiohead,The Bends,20 Sep 2018,15:28
677,The Bends,Radiohead,The Bends,20 Sep 2018,15:24
678,Planet Telex,Radiohead,The Bends,20 Sep 2018,15:19
679,The Party & the After Party,The Weeknd,Trilogy,20 Sep 2018,15:11
680,Wicked Games,The Weeknd,Trilogy,20 Sep 2018,15:06
681,Wicked Games,The Weeknd,Trilogy,20 Sep 2018,15:00
682,House of Balloons / Glass Table Girls,The Weeknd,Trilogy,20 Sep 2018,14:43
683,What You Need,The Weeknd,Trilogy,20 Sep 2018,14:40
684,High for This,The Weeknd,Trilogy,20 Sep 2018,14:36
685,The Village - 2015 Remastered Version,New Order,"Power, Corruption & Lies",20 Sep 2018,12:03
686,We All Stand - 2015 Remastered Version,New Order,"Power, Corruption & Lies",20 Sep 2018,11:58
687,Age Of Consent - 2015 Remastered Version,New Order,"Power, Corruption & Lies",20 Sep 2018,11:52
688,Fascination Street,The Cure,Disintegration (Remastered),20 Sep 2018,11:08
689,Lullaby,The Cure,Disintegration (Remastered),20 Sep 2018,11:04
690,Last Dance,The Cure,Disintegration (Remastered),20 Sep 2018,10:59
691,Lovesong - Remastered,The Cure,Disintegration (Remastered),20 Sep 2018,10:55
692,Closedown,The Cure,Disintegration (Remastered),20 Sep 2018,10:51
693,Pictures of You,The Cure,Disintegration (Remastered),20 Sep 2018,10:44
694,Plainsong,The Cure,Disintegration (Remastered),20 Sep 2018,10:38
695,Passenger Seat,Death Cab for Cutie,Transatlanticism,20 Sep 2018,10:32
696,Transatlanticism,Death Cab for Cutie,Transatlanticism,20 Sep 2018,10:24
697,Tiny Vessels,Death Cab for Cutie,Transatlanticism,20 Sep 2018,10:20
698,The Sound of Settling,Death Cab for Cutie,Transatlanticism,20 Sep 2018,10:18
699,Expo '86,Death Cab for Cutie,Transatlanticism,20 Sep 2018,10:14
700,Title and Registration,Death Cab for Cutie,Transatlanticism,20 Sep 2018,10:10
701,Tiny Vessels,Death Cab for Cutie,Transatlanticism,20 Sep 2018,10:03
702,Wakin On A Pretty Day,Kurt Vile,Wakin On A Pretty Daze,20 Sep 2018,09:57
703,The Purple Bottle,Animal Collective,Feels,20 Sep 2018,09:52
704,Kids On Holiday,Animal Collective,Sung Tongs,20 Sep 2018,09:46
705,Winters Love,Animal Collective,Sung Tongs,20 Sep 2018,09:41
706,The Softest Voice,Animal Collective,Sung Tongs,20 Sep 2018,09:34
707,Who Could Win a Rabbit,Animal Collective,Sung Tongs,20 Sep 2018,09:32
708,Leaf House,Animal Collective,Sung Tongs,20 Sep 2018,09:29
709,Leaf House,Animal Collective,Sung Tongs,20 Sep 2018,09:27
710,Knife,Grizzly Bear,Yellow House,20 Sep 2018,09:22
711,To Build a Home,The Cinematic Orchestra,Ma Fleur,20 Sep 2018,09:16
712,Helicopter,Deerhunter,Halcyon Digest,20 Sep 2018,09:11
713,Prayers for Rain,The Cure,Disintegration (Remastered),20 Sep 2018,08:44
714,Fascination Street,The Cure,Disintegration (Remastered),19 Sep 2018,23:41
715,Prayers for Rain,The Cure,Disintegration (Remastered),19 Sep 2018,23:18
716,Fascination Street,The Cure,Disintegration (Remastered),19 Sep 2018,23:13
717,Lullaby,The Cure,Disintegration (Remastered),19 Sep 2018,23:08
718,Last Dance,The Cure,Disintegration (Remastered),19 Sep 2018,23:04
719,Lovesong - Remastered,The Cure,Disintegration (Remastered),19 Sep 2018,23:00
720,Fascination Street,The Cure,Disintegration (Remastered),19 Sep 2018,22:15
721,The same deep water as you - Remastered,The Cure,Disintegration (Deluxe Edition),19 Sep 2018,19:40
722,Prayers for Rain,The Cure,Disintegration (Deluxe Edition),19 Sep 2018,19:34
723,Fascination Street,The Cure,Disintegration (Deluxe Edition),19 Sep 2018,19:29
724,Lullaby,The Cure,Disintegration (Deluxe Edition),19 Sep 2018,19:24
725,Last Dance,The Cure,Disintegration (Deluxe Edition),19 Sep 2018,19:20
726,Lovesong - Remastered,The Cure,Disintegration (Deluxe Edition),19 Sep 2018,19:16
727,Closedown,The Cure,Disintegration (Deluxe Edition),19 Sep 2018,19:12
728,Pictures of You,The Cure,Disintegration (Deluxe Edition),19 Sep 2018,19:04
729,Plainsong,The Cure,Disintegration (Deluxe Edition),19 Sep 2018,18:59
730,Fascination Street,The Cure,Disintegration (Deluxe Edition),19 Sep 2018,18:53
731,LOGOUT,Saba,care for me,19 Sep 2018,16:16
732,Nice For What,Drake,Nice For What,19 Sep 2018,16:13
733,Breadwinner,Everything Everything,A Deeper Sea,19 Sep 2018,16:09
734,Reborn,Kids See Ghosts,Kids See Ghosts,19 Sep 2018,16:04
735,Nervous Young Inhumans (Single Edit),Car Seat Headrest,Nervous Young Inhumans (Single Edit),19 Sep 2018,16:00
736,Bassackwards,Kurt Vile,Bassackwards,19 Sep 2018,15:51
737,New Slang,The Shins,"Oh, Inverted World",19 Sep 2018,15:46
738,Old Friends,Pinegrove,Cardinal,19 Sep 2018,15:42
739,Bum Bum Bum,Cass McCombs,Mangy Love,19 Sep 2018,15:37
740,Bum Bum Bum,Cass McCombs,Mangy Love,19 Sep 2018,15:30
741,Helplessness Blues,Fleet Foxes,Helplessness Blues,19 Sep 2018,13:48
742,Pure Comedy,Father John Misty,Pure Comedy,19 Sep 2018,12:52
743,Helicopter,Deerhunter,Halcyon Digest,19 Sep 2018,12:47
744,Helicopter,Deerhunter,Halcyon Digest,19 Sep 2018,12:44
745,Title and Registration,Death Cab for Cutie,Transatlanticism,19 Sep 2018,12:40
746,Jesus Christ,Brand New,The Devil and God Are Raging Inside Me,19 Sep 2018,12:35
747,Blood Bank,Bon Iver,Blood Bank,19 Sep 2018,12:30
748,Michicant,Bon Iver,Bon Iver,19 Sep 2018,12:27
749,Carissa,Sun Kil Moon,Benji,19 Sep 2018,12:26
750,The Crane Wife 3,The Decemberists,The Crane Wife,19 Sep 2018,12:22
751,In Bloom - Nevermind Version,Nirvana,Nevermind (Remastered),19 Sep 2018,12:18
752,Smells Like Teen Spirit,Nirvana,Nevermind (Remastered),19 Sep 2018,12:17
753,Radio Friendly Unit Shifter,Nirvana,In Utero - 20th Anniversary Remaster,19 Sep 2018,12:12
754,Pennyroyal Tea,Nirvana,In Utero - 20th Anniversary Remaster,19 Sep 2018,12:10
755,Milk It,Nirvana,In Utero - 20th Anniversary Remaster,19 Sep 2018,12:06
756,Very Ape,Nirvana,In Utero - 20th Anniversary Remaster,19 Sep 2018,12:02
757,Dumb,Nirvana,In Utero - 20th Anniversary Remaster,19 Sep 2018,12:00
758,Rape Me,Nirvana,In Utero - 20th Anniversary Remaster,19 Sep 2018,11:54
759,Mayonaise - Remastered,The Smashing Pumpkins,Siamese Dream (2011 - Remaster),19 Sep 2018,11:10
760,Today - Remastered,The Smashing Pumpkins,Siamese Dream (2011 - Remaster),19 Sep 2018,11:05
761,Cherub Rock - Remastered 2011,The Smashing Pumpkins,Siamese Dream (2011 - Remaster),19 Sep 2018,10:58
762,Heartbeats,José González,Veneer,19 Sep 2018,10:29
763,The Wilhelm Scream,James Blake,James Blake,19 Sep 2018,10:24
764,Jesus Christ,Brand New,The Devil and God Are Raging Inside Me,19 Sep 2018,08:22
765,Dreams - Remastered,Fleetwood Mac,Rumours,19 Sep 2018,08:17
766,Lua,Bright Eyes,"I'm Wide Awake, It's Morning (Remastered)",19 Sep 2018,08:13
767,Tessellate,alt-J,An Awesome Wave,19 Sep 2018,08:10
768,Over Everything,Courtney Barnett,Over Everything,19 Sep 2018,08:03
769,Bum Bum Bum,Cass McCombs,Mangy Love,18 Sep 2018,07:58
770,Bassackwards,Kurt Vile,Bassackwards,18 Sep 2018,07:50
771,Slow dancing in the dark,Joji,SLOW DANCING IN THE DARK,18 Sep 2018,07:46
772,No Wave (feat. Denzel Curry),IDK,No Wave,18 Sep 2018,07:43
773,Make Believe,Kero Kero Bonito,Make Believe,18 Sep 2018,07:39
774,Slow dancing in the dark,Joji,SLOW DANCING IN THE DARK,18 Sep 2018,06:58
775,Drown,Cuco,Drown,18 Sep 2018,06:46
776,Cherub Rock - Remastered 2011,The Smashing Pumpkins,Siamese Dream (Deluxe Edition),18 Sep 2018,22:34
777,Today - Remastered,The Smashing Pumpkins,Siamese Dream (2011 - Remaster),18 Sep 2018,22:31
778,New Slang,The Shins,"Oh, Inverted World",18 Sep 2018,22:28
779,Transatlanticism,Death Cab for Cutie,Transatlanticism,18 Sep 2018,22:20
780,Tiny Vessels,Death Cab for Cutie,Transatlanticism,18 Sep 2018,22:16
781,Leave Him Now,Cloud Nothings,Leave Him Now,18 Sep 2018,22:13
782,Ben's My Friend,Sun Kil Moon,Benji,18 Sep 2018,21:16
783,Helplessness Blues,Fleet Foxes,Helplessness Blues,18 Sep 2018,18:17
784,Helicopter,Deerhunter,Halcyon Digest,18 Sep 2018,18:12
785,Helicopter,Deerhunter,Halcyon Digest,18 Sep 2018,16:31
786,"Lisbon, OH",Bon Iver,Bon Iver,18 Sep 2018,16:30
787,Calgary,Bon Iver,Bon Iver,18 Sep 2018,16:25
788,Wash.,Bon Iver,Bon Iver,18 Sep 2018,16:20
789,Michicant,Bon Iver,Bon Iver,18 Sep 2018,16:15
790,Blue Ridge Mountains,Fleet Foxes,Fleet Foxes,18 Sep 2018,16:10
791,This Modern Love,Bloc Party,Silent Alarm,18 Sep 2018,16:06
792,Pure Comedy,Father John Misty,Pure Comedy,18 Sep 2018,15:07
793,Fourth of July,Sufjan Stevens,Carrie & Lowell,18 Sep 2018,15:02
794,Weird Fishes/ Arpeggi,Radiohead,In Rainbows,18 Sep 2018,14:56
795,The Moon,The Microphones,"The Glow, Pt. 2",18 Sep 2018,14:51
796,One More Love Song,Mac DeMarco,This Old Dog,18 Sep 2018,14:47
797,Lazuli,Beach House,Bloom,18 Sep 2018,14:42
798,Two-Headed Boy Pt. 2,Neutral Milk Hotel,In the Aeroplane Over the Sea,18 Sep 2018,14:36
799,Holocene,Bon Iver,Bon Iver,18 Sep 2018,14:28
800,The Ringer,Eminem,Kamikaze,18 Sep 2018,11:53
801,Bassackwards,Kurt Vile,Bassackwards,18 Sep 2018,11:43
802,Slow dancing in the dark,Joji,SLOW DANCING IN THE DARK,18 Sep 2018,11:40
803,Bassackwards,Kurt Vile,Bassackwards,18 Sep 2018,11:27
804,Grown Ocean,Fleet Foxes,Helplessness Blues,18 Sep 2018,11:14
805,Blue Spotted Tail,Fleet Foxes,Helplessness Blues,18 Sep 2018,11:11
806,The Shrine / An Argument,Fleet Foxes,Helplessness Blues,18 Sep 2018,11:02
807,Someone You'd Admire,Fleet Foxes,Helplessness Blues,18 Sep 2018,11:00
808,Lorelai,Fleet Foxes,Helplessness Blues,18 Sep 2018,10:56
809,The Cascades,Fleet Foxes,Helplessness Blues,18 Sep 2018,10:53
810,Helplessness Blues,Fleet Foxes,Helplessness Blues,18 Sep 2018,10:48
811,The Plains / Bitter Dancer,Fleet Foxes,Helplessness Blues,18 Sep 2018,10:42
812,Battery Kinzie,Fleet Foxes,Helplessness Blues,18 Sep 2018,10:40
813,Sim Sala Bim,Fleet Foxes,Helplessness Blues,18 Sep 2018,10:36
814,Bedouin Dress,Fleet Foxes,Helplessness Blues,18 Sep 2018,10:32
815,Montezuma,Fleet Foxes,Helplessness Blues,18 Sep 2018,10:28
816,Oliver James,Fleet Foxes,Fleet Foxes,18 Sep 2018,10:24
817,Blue Ridge Mountains,Fleet Foxes,Fleet Foxes,18 Sep 2018,10:20
818,Meadowlarks,Fleet Foxes,Fleet Foxes,18 Sep 2018,10:17
819,Your Protector,Fleet Foxes,Fleet Foxes,18 Sep 2018,10:12
820,Heard Them Stirring,Fleet Foxes,Fleet Foxes,18 Sep 2018,10:09
821,He Doesn't Know Why,Fleet Foxes,Fleet Foxes,18 Sep 2018,10:06
822,Quiet Houses,Fleet Foxes,Fleet Foxes,18 Sep 2018,09:58
823,Tiger Mountain Peasant Song,Fleet Foxes,Fleet Foxes,18 Sep 2018,09:55
824,Ragged Wood,Fleet Foxes,Fleet Foxes,18 Sep 2018,09:49
825,White Winter Hymnal,Fleet Foxes,Fleet Foxes,18 Sep 2018,09:47
826,Sun It Rises,Fleet Foxes,Fleet Foxes,18 Sep 2018,09:44
827,Innocent Son,Fleet Foxes,Sun Giant,18 Sep 2018,09:40
828,Mykonos,Fleet Foxes,Sun Giant,18 Sep 2018,09:36
829,English House,Fleet Foxes,Sun Giant,18 Sep 2018,09:31
830,Drops In The River,Fleet Foxes,Sun Giant,18 Sep 2018,09:27
831,Sun Giant,Fleet Foxes,Sun Giant,18 Sep 2018,09:25
832,Blue Ridge Mountains,Fleet Foxes,Fleet Foxes,18 Sep 2018,09:21
833,Transatlanticism,Death Cab for Cutie,Transatlanticism,18 Sep 2018,09:13
834,Tiny Vessels,Death Cab for Cutie,Transatlanticism,18 Sep 2018,09:08
835,Title and Registration,Death Cab for Cutie,Transatlanticism,18 Sep 2018,09:04
836,Expo '86,Death Cab for Cutie,Transatlanticism,17 Sep 2018,23:09
837,Title and Registration,Death Cab for Cutie,Transatlanticism,17 Sep 2018,23:05
838,Lightness,Death Cab for Cutie,Transatlanticism,17 Sep 2018,23:02
839,The New Year,Death Cab for Cutie,Transatlanticism,17 Sep 2018,22:56
840,Never Meant,American Football,American Football,17 Sep 2018,22:52
841,Bum Bum Bum,Cass McCombs,Mangy Love,17 Sep 2018,22:47
842,Opposite House,Cass McCombs,Mangy Love,17 Sep 2018,22:42
843,Brighter!,Cass McCombs,Big Wheel and Others,17 Sep 2018,22:38
844,Bum Bum Bum,Cass McCombs,Mangy Love,17 Sep 2018,22:33
845,Bassackwards,Kurt Vile,Bassackwards,17 Sep 2018,22:24
846,Slow dancing in the dark,Joji,SLOW DANCING IN THE DARK,17 Sep 2018,22:20
847,Title and Registration,Death Cab for Cutie,Transatlanticism,17 Sep 2018,21:40
848,Tiny Vessels,Death Cab for Cutie,Transatlanticism,17 Sep 2018,21:33
849,Like Eating Glass,Bloc Party,Silent Alarm,17 Sep 2018,20:35
850,Helicopter,Bloc Party,Silent Alarm,17 Sep 2018,20:31
851,PDA,Interpol,Turn On the Bright Lights: The Tenth Anniversary Edition (Remastered),17 Sep 2018,20:26
852,Obstacle 1,Interpol,Turn on the Bright Lights,17 Sep 2018,20:22
853,yumewomiyou,Harunemuri,Harutosyura,17 Sep 2018,20:18
854,narashite,Harunemuri,Harutosyura,17 Sep 2018,20:15
855,Never Meant,American Football,American Football,17 Sep 2018,20:11
856,Cigarette Daydreams,Cage the Elephant,Melophobia,17 Sep 2018,20:08
857,Last Nite,The Strokes,Is This It,17 Sep 2018,20:03
858,Transatlanticism,Death Cab for Cutie,Transatlanticism,17 Sep 2018,19:57
859,Tiny Vessels,Death Cab for Cutie,Transatlanticism,17 Sep 2018,19:53
860,A Lack of Color,Death Cab for Cutie,Transatlanticism,17 Sep 2018,19:49
861,We Looked Like Giants,Death Cab for Cutie,Transatlanticism,17 Sep 2018,19:43
862,Death of an Interior Decorator,Death Cab for Cutie,Transatlanticism,17 Sep 2018,19:40
863,Passenger Seat,Death Cab for Cutie,Transatlanticism,17 Sep 2018,19:37
864,Transatlanticism,Death Cab for Cutie,Transatlanticism,17 Sep 2018,19:29
865,Tiny Vessels,Death Cab for Cutie,Transatlanticism,17 Sep 2018,19:24
866,The Sound of Settling,Death Cab for Cutie,Transatlanticism,17 Sep 2018,19:22
867,Expo '86,Death Cab for Cutie,Transatlanticism,17 Sep 2018,19:18
868,Title and Registration,Death Cab for Cutie,Transatlanticism,17 Sep 2018,19:14
869,Lightness,Death Cab for Cutie,Transatlanticism,17 Sep 2018,19:11
870,The New Year,Death Cab for Cutie,Transatlanticism,17 Sep 2018,19:07
871,Ivy,Frank Ocean,Blonde,17 Sep 2018,18:33
872,Title and Registration,Death Cab for Cutie,Transatlanticism,17 Sep 2018,18:30
873,"On a Neck, On a Spit",Grizzly Bear,Yellow House,17 Sep 2018,18:24
874,New Slang,The Shins,"Oh, Inverted World",17 Sep 2018,18:20
875,Campus,Vampire Weekend,Vampire Weekend,17 Sep 2018,18:17
876,Never Meant,American Football,American Football,17 Sep 2018,18:12
877,Wakin On A Pretty Day,Kurt Vile,Wakin On A Pretty Daze,17 Sep 2018,18:03
878,These Streets Will Never Look the Same,Chromatics,Kill for Love,17 Sep 2018,17:54
879,Helicopter,Deerhunter,Halcyon Digest,17 Sep 2018,17:17
880,Crumbling Together 함께 무너지기,Mid-Air Thief,Crumbling 무너지기,17 Sep 2018,17:09
881,Curve and Light 곡선과 투과광,Mid-Air Thief,Crumbling 무너지기,17 Sep 2018,17:04
882,Gameun Deut 감은 듯,Mid-Air Thief,Crumbling 무너지기,17 Sep 2018,16:59
883,These Chains 쇠사슬,Mid-Air Thief,Crumbling 무너지기,17 Sep 2018,16:54
884,Why? 왜?,Mid-Air Thief,Crumbling 무너지기,17 Sep 2018,16:50
885,Stillness Is the Move,Dirty Projectors,Bitte Orca,17 Sep 2018,13:56
886,I Get Nervous,Lower Dens,Twin-Hand Movement,17 Sep 2018,13:53
887,My Girls,Animal Collective,Merriweather Post Pavilion,17 Sep 2018,13:47
888,Why? 왜?,Mid-Air Thief,Crumbling 무너지기,17 Sep 2018,12:53
889,Suspirium,Thom Yorke,Suspirium,17 Sep 2018,11:02
890,These Chains 쇠사슬,Mid-Air Thief,Crumbling 무너지기,17 Sep 2018,10:55
891,No Answer 무소식,Mid-Air Thief,Crumbling 무너지기,17 Sep 2018,10:51
892,Dirt 흙,Mid-Air Thief,Crumbling 무너지기,17 Sep 2018,10:45
893,I'm Waiting For The Day - Remastered,The Beach Boys,Pet Sounds (Original Mono & Stereo Mix Versions),17 Sep 2018,10:42
894,Protector 수호자,Mid-Air Thief,Crumbling 무너지기,17 Sep 2018,10:40
895,Crumbling Together 함께 무너지기,Mid-Air Thief,Crumbling 무너지기,17 Sep 2018,10:30
896,Curve and Light 곡선과 투과광,Mid-Air Thief,Crumbling 무너지기,17 Sep 2018,10:26
897,Gameun Deut 감은 듯,Mid-Air Thief,Crumbling 무너지기,17 Sep 2018,10:21
898,These Chains 쇠사슬,Mid-Air Thief,Crumbling 무너지기,17 Sep 2018,10:15
899,Why? 왜?,Mid-Air Thief,Crumbling 무너지기,17 Sep 2018,10:11
900,Hang on to Your Ego,The Beach Boys,Pet Sounds (Original Mono & Stereo Mix Versions),17 Sep 2018,10:08
901,"Caroline, No - Remastered",The Beach Boys,Pet Sounds (Original Mono & Stereo Mix Versions),17 Sep 2018,10:06
902,Pet Sounds - Remastered,The Beach Boys,Pet Sounds (Original Mono & Stereo Mix Versions),17 Sep 2018,10:03
903,I Just Wasn't Made For These Times - Remastered,The Beach Boys,Pet Sounds (Original Mono & Stereo Mix Versions),17 Sep 2018,10:00
904,Here Today - Remastered,The Beach Boys,Pet Sounds (Original Mono & Stereo Mix Versions),17 Sep 2018,09:57
905,I Know There's An Answer - Remastered,The Beach Boys,Pet Sounds (Original Mono & Stereo Mix Versions),17 Sep 2018,09:54
906,God Only Knows - Remastered,The Beach Boys,Pet Sounds (Original Mono & Stereo Mix Versions),17 Sep 2018,09:51
907,Sloop John B - Remastered,The Beach Boys,Pet Sounds (Original Mono & Stereo Mix Versions),17 Sep 2018,09:48
908,Let's Go Away For A While - Remastered,The Beach Boys,Pet Sounds (Original Mono & Stereo Mix Versions),17 Sep 2018,09:46
909,Don't Talk (Put Your Head On My Shoulder) - Remastered,The Beach Boys,Pet Sounds (Original Mono & Stereo Mix Versions),16 Sep 2018,22:47
910,That's Not Me - Remastered,The Beach Boys,Pet Sounds (Original Mono & Stereo Mix Versions),16 Sep 2018,22:45
911,You Still Believe In Me - Remastered,The Beach Boys,Pet Sounds (Original Mono & Stereo Mix Versions),16 Sep 2018,22:42
912,Wouldn't It Be Nice - Remastered,The Beach Boys,Pet Sounds (Original Mono & Stereo Mix Versions),16 Sep 2018,22:40
913,If We Were Vampires,Jason Isbell and The 400 Unit,The Nashville Sound,16 Sep 2018,22:36
914,Lua,Bright Eyes,"I'm Wide Awake, It's Morning",16 Sep 2018,22:16
915,The Crane Wife 3,The Decemberists,The Crane Wife,16 Sep 2018,22:12
916,Deadcrush,alt-J,RELAXER,16 Sep 2018,22:07
917,Lately (Deuxième),Memoryhouse,The Years,16 Sep 2018,16:30
918,Scissor,Liars,Sisterworld,16 Sep 2018,16:26
919,Teen Age Riot (album version),Sonic Youth,Daydream Nation (Deluxe Edition),16 Sep 2018,16:18
920,Where Is My Mind?,Pixies,Surfer Rosa (Remastered),16 Sep 2018,16:14
921,Common People,Pulp,Different Class,16 Sep 2018,16:10
922,Such Great Heights - Remastered,The Postal Service,Give Up,16 Sep 2018,16:07
923,Range Life,Pavement,"Crooked Rain, Crooked Rain: LA's Desert Origins",16 Sep 2018,16:01
924,Gold Soundz,Pavement,"Crooked Rain, Crooked Rain",16 Sep 2018,15:58
925,Carry the Zero,Built to Spill,Keep It Like a Secret,16 Sep 2018,15:53
926,Helicopter,Deerhunter,Halcyon Digest,16 Sep 2018,15:45
927,PDA,Interpol,Turn on the Bright Lights,16 Sep 2018,15:38
928,Wakin On A Pretty Day,Kurt Vile,Wakin On A Pretty Daze,16 Sep 2018,15:28
929,If You're Feeling Sinister,Belle and Sebastian,If You're Feeling Sinister,16 Sep 2018,15:22
930,Tangled Up in Blue,Bob Dylan,Blood on the Tracks,16 Sep 2018,15:17
931,Ivy,Frank Ocean,Blonde,16 Sep 2018,15:13
932,New Slang,The Shins,"Oh, Inverted World",16 Sep 2018,15:09
933,Carissa,Sun Kil Moon,Benji,16 Sep 2018,15:01
934,Intro,The xx,xx,15 Sep 2018,19:49
935,Helicopter,Bloc Party,Silent Alarm (U.S. Version),15 Sep 2018,19:45
936,There Is A Light That Never Goes Out - 2011 Remastered Version,The Smiths,The Queen Is Dead,15 Sep 2018,19:38
937,The District Sleeps Alone Tonight - Remastered,The Postal Service,Give Up (Deluxe 10th Anniversary Edition),15 Sep 2018,19:33
938,1901,Phoenix,Wolfgang Amadeus Phoenix,15 Sep 2018,19:30
939,La femme d'argent,Air,Moon Safari,15 Sep 2018,19:23
940,Such Great Heights - Remastered,The Postal Service,Give Up,15 Sep 2018,19:19
941,All My Friends,LCD Soundsystem,Sound Of Silver,15 Sep 2018,19:11
942,Leaf House,Animal Collective,Sung Tongs,15 Sep 2018,14:52
943,Carissa,Sun Kil Moon,Benji,14 Sep 2018,22:08
944,I Can't Live Without My Mother's Love,Sun Kil Moon,Benji,14 Sep 2018,22:01
945,Carissa,Sun Kil Moon,Benji,14 Sep 2018,21:55
946,Quorum,Low,Double Negative,14 Sep 2018,21:53
947,Winters Love,Animal Collective,Sung Tongs,14 Sep 2018,19:12
948,Leaf House,Animal Collective,Sung Tongs,14 Sep 2018,19:10
949,If You're Feeling Sinister,Belle and Sebastian,If You're Feeling Sinister,14 Sep 2018,19:06
950,The Funeral,Band of Horses,Everything All the Time,14 Sep 2018,19:00
951,Prior Things,Hop Along,"Bark Your Head Off, Dog",14 Sep 2018,18:54
952,The Predatory Wasp of the Palisades Is Out to Get Us,Sufjan Stevens,Illinois,14 Sep 2018,18:48
953,Your Best American Girl,Mitski,Puberty 2,14 Sep 2018,18:44
954,Wakin On A Pretty Day,Kurt Vile,Wakin On A Pretty Daze,14 Sep 2018,18:35
955,Dogs,Sun Kil Moon,Benji,14 Sep 2018,18:29
956,Truck Driver,Sun Kil Moon,Benji,14 Sep 2018,18:25
957,I Can't Live Without My Mother's Love,Sun Kil Moon,Benji,14 Sep 2018,18:21
958,Carissa,Sun Kil Moon,Benji,14 Sep 2018,18:14
959,I Can't Live Without My Mother's Love,Sun Kil Moon,Benji,14 Sep 2018,15:21
960,Carissa,Sun Kil Moon,Benji,14 Sep 2018,15:14
961,Ben's My Friend,Sun Kil Moon,Benji,14 Sep 2018,15:09
962,Micheline,Sun Kil Moon,Benji,14 Sep 2018,14:45
963,Richard Ramirez Died Today of Natural Causes,Sun Kil Moon,Benji,14 Sep 2018,14:39
964,I Watched the Film The Song Remains the Same,Sun Kil Moon,Benji,14 Sep 2018,14:28
965,Jim Wise,Sun Kil Moon,Benji,14 Sep 2018,12:52
966,Pray for Newtown,Sun Kil Moon,Benji,14 Sep 2018,12:48
967,Dogs,Sun Kil Moon,Benji,14 Sep 2018,12:42
968,Truck Driver,Sun Kil Moon,Benji,14 Sep 2018,12:38
969,I Can't Live Without My Mother's Love,Sun Kil Moon,Benji,14 Sep 2018,12:34
970,Carissa,Sun Kil Moon,Benji,14 Sep 2018,12:28
971,Carissa,Sun Kil Moon,Benji,14 Sep 2018,12:22
972,2:45 AM,Elliott Smith,Either/Or,14 Sep 2018,12:17
973,Title and Registration,Death Cab for Cutie,Transatlanticism,14 Sep 2018,12:13
974,Daydreaming,Radiohead,A Moon Shaped Pool,14 Sep 2018,12:06
975,"On a Neck, On a Spit",Grizzly Bear,Yellow House,14 Sep 2018,12:01
976,Scott Street,Phoebe Bridgers,Stranger in the Alps,14 Sep 2018,11:56
977,'Cello Song,Nick Drake,Five Leaves Left,14 Sep 2018,11:51
978,The Only Living Boy in New York,Simon & Garfunkel,Garden State - Music From The Motion Picture,14 Sep 2018,11:47
979,Carissa,Sun Kil Moon,Benji,14 Sep 2018,11:40
980,We're Going to Be Friends,The White Stripes,White Blood Cells,14 Sep 2018,11:38
981,Fade Into You,Mazzy Star,So Tonight That I Might See,14 Sep 2018,11:32
982,If You're Feeling Sinister,Belle and Sebastian,If You're Feeling Sinister,14 Sep 2018,11:27
983,Tangled Up in Blue,Bob Dylan,Blood on the Tracks,14 Sep 2018,11:21
984,Ivy,Frank Ocean,Blonde,14 Sep 2018,11:17
985,New Slang,The Shins,"Oh, Inverted World",14 Sep 2018,11:13
986,Shark Smile,Big Thief,Capacity,14 Sep 2018,11:08
987,Rebellion (Lies),Arcade Fire,Funeral,14 Sep 2018,11:03
988,Leaf House,Animal Collective,Sung Tongs,14 Sep 2018,11:00
989,I Want Wind to Blow,The Microphones,"The Glow, Pt. 2",14 Sep 2018,10:55
990,Campus,Vampire Weekend,Vampire Weekend,14 Sep 2018,10:52
991,Never Meant,American Football,American Football,14 Sep 2018,10:47
992,Holocene,Bon Iver,Bon Iver,14 Sep 2018,10:42
993,Blue Ridge Mountains,Fleet Foxes,Fleet Foxes,14 Sep 2018,10:37
994,Autumn Sweater,Yo La Tengo,I Can Hear the Heart Beating as One,14 Sep 2018,10:32
995,Live In Dreams,Wild Nothing,Gemini,14 Sep 2018,10:27
996,"Island, IS",Volcano Choir,Unmap,14 Sep 2018,10:23
997,Snooze 4 Love,Todd Terje,Ragysh,14 Sep 2018,10:15
998,King Night,Salem,King Night,14 Sep 2018,10:11
999,Out Getting Ribs,King Krule,6 Feet Beneath The Moon,14 Sep 2018,10:07
